timestamp,lat,lon,alt,heading,qx,qy,qz,qw,roll,pitch,yaw,roll_rate,pitch_rate,yaw_rate,x,y,z,vx,vy,vz,ax,ay,az,gx,gy,gz,mx,my,mz,servo1_raw,servo2_raw,servo3_raw,servo4_raw,servo5_raw,servo6_raw,servo7_raw,servo8_raw
1764711974.514598,0.0,0.0,5.61,189.46,0.0,0.0,0.0,1.0,0.0,0.0,0.0,0.0,0.0,0.0,0.0,0.0,0.0,0.0,0.0,0.0,0.0,0.0,0.0,0.0,0.0,0.0,0.0,0.0,0.0,0,0,0,0,0,0,0,0
1764711974.5480392,0.0,0.0,5.61,189.46,0.0,0.0,0.0,1.0,0.0,0.0,0.0,0.0,0.0,0.0,0.0,0.0,0.0,0.0,0.0,0.0,0.0,0.0,0.0,0.0,0.0,0.0,0.0,0.0,0.0,1271,1524,1430,1600,0,0,0,0
1764711974.5814464,0.0,0.0,5.61,189.46,0.0,0.0,0.0,1.0,0.0,0.0,0.0,0.0,0.0,0.0,0.0,0.0,0.0,0.0,0.0,0.0,-49.0,111.0,-953.0,7.0,2.0,-2.0,-1137.0,318.0,-1098.0,1271,1524,1430,1600,0,0,0,0
1764711974.6148431,0.0,0.0,5.61,189.46,0.0,0.0,0.0,1.0,-0.12799805402755737,0.006749258376657963,-2.9765608310699463,-0.0032457928173244,0.0015044138999655843,-0.0005642807809635997,0.0,0.0,0.0,0.0,0.0,0.0,-49.0,111.0,-953.0,7.0,2.0,-2.0,-1137.0,318.0,-1098.0,1271,1524,1430,1600,0,0,0,0
1764711974.6482356,0.0,0.0,5.61,189.46,0.0,0.0,0.0,1.0,-0.128024622797966,0.006705494597554207,-2.9765045642852783,-0.00013935472816228867,-0.001782264094799757,0.0012334228958934546,0.0,0.0,0.0,0.0,0.0,0.0,-49.0,111.0,-953.0,7.0,2.0,-2.0,-1137.0,318.0,-1098.0,1271,1524,1430,1600,0,0,0,0
1764711974.7183137,0.0,0.0,5.61,189.46,-0.08264163881540298,0.0019312351942062378,-0.06403209269046783,0.9945182800292969,-0.128024622797966,0.006705494597554207,-2.9765045642852783,-0.00013935472816228867,-0.001782264094799757,0.0012334228958934546,0.0,0.0,0.0,0.0,0.0,0.0,-49.0,111.0,-953.0,7.0,2.0,-2.0,-1137.0,318.0,-1098.0,1271,1524,1430,1600,0,0,0,0
1764711974.751723,0.0,0.0,5.63,189.46,-0.08264163881540298,0.0019312351942062378,-0.06403209269046783,0.9945182800292969,-0.128024622797966,0.006705494597554207,-2.9765045642852783,-0.00013935472816228867,-0.001782264094799757,0.0012334228958934546,0.0,0.0,0.0,0.0,0.0,0.0,-49.0,111.0,-953.0,7.0,2.0,-2.0,-1137.0,318.0,-1098.0,1271,1524,1430,1600,0,0,0,0
1764711974.7851412,0.0,0.0,5.63,189.46,-0.08264163881540298,0.0019312351942062378,-0.06403209269046783,0.9945182800292969,-0.128024622797966,0.006705494597554207,-2.9765045642852783,-0.00013935472816228867,-0.001782264094799757,0.0012334228958934546,0.0,0.0,0.0,0.0,0.0,0.0,-49.0,111.0,-953.0,7.0,2.0,-2.0,-1137.0,318.0,-1098.0,1271,1524,1430,1600,0,0,0,0
1764711974.8185675,0.0,0.0,5.63,189.46,-0.08264163881540298,0.0019312351942062378,-0.06403209269046783,0.9945182800292969,-0.128024622797966,0.006705494597554207,-2.9765045642852783,-0.00013935472816228867,-0.001782264094799757,0.0012334228958934546,0.0,0.0,0.0,0.0,0.0,0.0,-47.0,112.0,-953.0,10.0,0.0,0.0,-1143.0,322.0,-1095.0,1271,1524,1430,1600,0,0,0,0
1764711974.851989,0.0,0.0,5.63,189.46,-0.08264163881540298,0.0019312351942062378,-0.06403209269046783,0.9945182800292969,-0.128024622797966,0.006705494597554207,-2.9765045642852783,-0.00013935472816228867,-0.001782264094799757,0.0012334228958934546,0.0,0.0,0.0,0.0,0.0,0.0,-0.46091255,1.0983448,-9.34573745,0.17453292519943295,0.0,0.0,-1143.0,322.0,-1095.0,1271,1524,1430,1600,0,0,0,0
1764711974.8854077,0.0,0.0,5.63,189.46,-0.08264163881540298,0.0019312351942062378,-0.06403209269046783,0.9945182800292969,-0.12802754342556,0.006701611913740635,-2.9764914512634277,0.002321382984519005,-0.000525607552845031,0.00010965345427393913,0.0,0.0,0.0,0.0,0.0,0.0,-0.46091255,1.0983448,-9.34573745,0.17453292519943295,0.0,0.0,-1143.0,322.0,-1095.0,1271,1524,1430,1600,0,0,0,0
1764711974.9188254,0.0,0.0,5.63,189.46,-0.08264806866645813,0.0019337121630087495,-0.0640333890914917,0.9945176243782043,-0.12802754342556,0.006701611913740635,-2.9764914512634277,0.002321382984519005,-0.000525607552845031,0.00010965345427393913,0.0,0.0,0.0,0.0,0.0,0.0,-0.46091255,1.0983448,-9.34573745,0.17453292519943295,0.0,0.0,-1143.0,322.0,-1095.0,1271,1524,1430,1600,0,0,0,0
1764711974.9522505,0.0,0.0,5.59,189.46,-0.08264806866645813,0.0019337121630087495,-0.0640333890914917,0.9945176243782043,-0.12802754342556,0.006701611913740635,-2.9764914512634277,0.002321382984519005,-0.000525607552845031,0.00010965345427393913,0.0,0.0,0.0,0.0,0.0,0.0,-0.46091255,1.0983448,-9.34573745,0.17453292519943295,0.0,0.0,-1143.0,322.0,-1095.0,1271,1524,1430,1600,0,0,0,0
1764711974.985668,0.0,0.0,5.59,189.46,-0.08264806866645813,0.0019337121630087495,-0.0640333890914917,0.9945176243782043,-0.12802754342556,0.006701611913740635,-2.9764914512634277,0.002321382984519005,-0.000525607552845031,0.00010965345427393913,0.0,0.0,0.0,0.0,0.0,0.0,-0.46091255,1.0983448,-9.34573745,0.17453292519943295,0.0,0.0,-1143.0,322.0,-1095.0,1271,1524,1430,1600,0,0,0,0
1764711975.0190847,0.0,0.0,5.59,189.46,-0.08264806866645813,0.0019337121630087495,-0.0640333890914917,0.9945176243782043,-0.12802754342556,0.006701611913740635,-2.9764914512634277,0.002321382984519005,-0.000525607552845031,0.00010965345427393913,0.0,0.0,0.0,0.0,0.0,0.0,-0.46091255,1.0983448,-9.34573745,0.17453292519943295,0.0,0.0,-1143.0,322.0,-1095.0,1271,1524,1430,1600,0,0,0,0
1764711975.0524774,0.0,0.0,5.59,189.46,-0.08264806866645813,0.0019337121630087495,-0.0640333890914917,0.9945176243782043,-0.12802754342556,0.006701611913740635,-2.9764914512634277,0.002321382984519005,-0.000525607552845031,0.00010965345427393913,0.0,0.0,0.0,0.0,0.0,0.0,-0.44129925000000003,1.0983448,-9.3359308,0.22689280275926285,0.0,-0.017453292519943295,-1143.0,314.0,-1091.0,1271,1524,1430,1600,0,0,0,0
1764711975.0858703,0.0,0.0,5.59,189.46,-0.08264806866645813,0.0019337121630087495,-0.0640333890914917,0.9945176243782043,-0.1280306577682495,0.006681413389742374,-2.9765162467956543,0.0009743906557559967,-0.0008024966227822006,-8.14696541056037e-05,0.0,0.0,0.0,0.0,0.0,0.0,-0.44129925000000003,1.0983448,-9.3359308,0.22689280275926285,0.0,-0.017453292519943295,-1143.0,314.0,-1091.0,1271,1524,1430,1600,0,0,0,0
1764711975.1192586,0.0,0.0,5.59,189.46,-0.08263502269983292,0.001943085459060967,-0.06403413414955139,0.9945186376571655,-0.1280306577682495,0.006681413389742374,-2.9765162467956543,0.0009743906557559967,-0.0008024966227822006,-8.14696541056037e-05,0.0,0.0,0.0,0.0,0.0,0.0,-0.44129925000000003,1.0983448,-9.3359308,0.22689280275926285,0.0,-0.017453292519943295,-1143.0,314.0,-1091.0,1271,1524,1430,1600,0,0,0,0
1764711975.1526492,0.0,0.0,5.59,189.46,-0.08263502269983292,0.001943085459060967,-0.06403413414955139,0.9945186376571655,-0.1280306577682495,0.006681413389742374,-2.9765162467956543,0.0009743906557559967,-0.0008024966227822006,-8.14696541056037e-05,0.0,0.0,0.0,0.0,0.0,0.0,-0.44129925000000003,1.0983448,-9.3359308,0.22689280275926285,0.0,-0.017453292519943295,-1143.0,314.0,-1091.0,1271,1524,1430,1600,0,0,0,0
1764711975.1860569,0.0,0.0,5.59,189.46,-0.08263502269983292,0.001943085459060967,-0.06403413414955139,0.9945186376571655,-0.1280306577682495,0.006681413389742374,-2.9765162467956543,0.0009743906557559967,-0.0008024966227822006,-8.14696541056037e-05,0.0,0.0,0.0,0.0,0.0,0.0,-0.44129925000000003,1.0983448,-9.3359308,0.22689280275926285,0.0,-0.017453292519943295,-1143.0,314.0,-1091.0,1271,1524,1430,1600,0,0,0,0
1764711975.219461,0.0,0.0,5.59,189.46,-0.08263502269983292,0.001943085459060967,-0.06403413414955139,0.9945186376571655,-0.1280306577682495,0.006681413389742374,-2.9765162467956543,0.0009743906557559967,-0.0008024966227822006,-8.14696541056037e-05,0.0,0.0,0.0,0.0,0.0,0.0,-0.44129925000000003,1.0983448,-9.3359308,0.22689280275926285,0.0,-0.017453292519943295,-1143.0,314.0,-1091.0,1271,1524,1430,1600,0,0,0,0
1764711975.2528548,0.0,0.0,5.59,189.46,-0.08263502269983292,0.001943085459060967,-0.06403413414955139,0.9945186376571655,-0.1280306577682495,0.006681413389742374,-2.9765162467956543,0.0009743906557559967,-0.0008024966227822006,-8.14696541056037e-05,0.0,0.0,0.0,0.0,0.0,0.0,-0.44129925000000003,1.10815145,-9.3359308,0.20943951023931956,0.0,-0.03490658503988659,-1143.0,314.0,-1091.0,1271,1524,1430,1600,0,0,0,0
1764711975.2862446,0.0,0.0,5.59,189.46,-0.08263502269983292,0.001943085459060967,-0.06403413414955139,0.9945186376571655,-0.12800627946853638,0.006672894116491079,-2.976525068283081,0.0009077601134777069,-0.0006000620778650045,0.0012282254174351692,0.0,0.0,0.0,0.0,0.0,0.0,-0.44129925000000003,1.10815145,-9.3359308,0.20943951023931956,0.0,-0.03490658503988659,-1143.0,314.0,-1091.0,1271,1524,1430,1600,0,0,0,0
1764711975.3196383,0.0,0.0,5.59,189.46,-0.08263036608695984,0.0019460315816104412,-0.06402166187763214,0.994519829750061,-0.12800627946853638,0.006672894116491079,-2.976525068283081,0.0009077601134777069,-0.0006000620778650045,0.0012282254174351692,0.0,0.0,0.0,0.0,0.0,0.0,-0.44129925000000003,1.10815145,-9.3359308,0.20943951023931956,0.0,-0.03490658503988659,-1143.0,314.0,-1091.0,1271,1524,1430,1600,0,0,0,0
1764711975.3530307,0.0,0.0,5.59,189.46,-0.08263036608695984,0.0019460315816104412,-0.06402166187763214,0.994519829750061,-0.12800627946853638,0.006672894116491079,-2.976525068283081,0.0009077601134777069,-0.0006000620778650045,0.0012282254174351692,0.0,0.0,0.0,0.0,0.0,0.0,-0.44129925000000003,1.10815145,-9.3359308,0.20943951023931956,0.0,-0.03490658503988659,-1143.0,314.0,-1091.0,1271,1524,1430,1600,0,0,0,0
1764711975.3864346,0.0,0.0,5.59,189.46,-0.08263036608695984,0.0019460315816104412,-0.06402166187763214,0.994519829750061,-0.12800627946853638,0.006672894116491079,-2.976525068283081,0.0009077601134777069,-0.0006000620778650045,0.0012282254174351692,0.0,0.0,0.0,0.0,0.0,0.0,-0.44129925000000003,1.10815145,-9.3359308,0.20943951023931956,0.0,-0.03490658503988659,-1143.0,314.0,-1091.0,1271,1524,1430,1600,0,0,0,0
1764711975.4198291,0.0,0.0,5.59,189.46,-0.08263036608695984,0.0019460315816104412,-0.06402166187763214,0.994519829750061,-0.12800627946853638,0.006672894116491079,-2.976525068283081,0.0009077601134777069,-0.0006000620778650045,0.0012282254174351692,0.0,0.0,0.0,0.0,0.0,0.0,-0.44129925000000003,1.10815145,-9.3359308,0.20943951023931956,0.0,-0.03490658503988659,-1143.0,314.0,-1091.0,1271,1524,1430,1600,0,0,0,0
1764711975.4532266,0.0,0.0,5.59,189.46,-0.08263036608695984,0.0019460315816104412,-0.06402166187763214,0.994519829750061,-0.12800627946853638,0.006672894116491079,-2.976525068283081,0.0009077601134777069,-0.0006000620778650045,0.0012282254174351692,0.0,0.0,0.0,0.0,0.0,0.0,-0.4511059,1.10815145,-9.3359308,0.19198621771937624,0.0,0.0,-1143.0,314.0,-1091.0,1271,1524,1430,1600,0,0,0,0
1764711975.486619,0.0,0.0,5.59,189.46,-0.08263036608695984,0.0019460315816104412,-0.06402166187763214,0.994519829750061,-0.12799683213233948,0.006663982756435871,-2.976511240005493,0.00018044188618659973,0.0006398210534825921,0.00041263620369136333,0.0,0.0,0.0,0.0,0.0,0.0,-0.4511059,1.10815145,-9.3359308,0.19198621771937624,0.0,0.0,-1143.0,314.0,-1091.0,1271,1524,1430,1600,0,0,0,0
1764711975.5200105,0.0,0.0,5.59,189.46,-0.08263697475194931,0.0019505175296217203,-0.06401660293340683,0.9945195913314819,-0.12799683213233948,0.006663982756435871,-2.976511240005493,0.00018044188618659973,0.0006398210534825921,0.00041263620369136333,0.0,0.0,0.0,0.0,0.0,0.0,-0.4511059,1.10815145,-9.3359308,0.19198621771937624,0.0,0.0,-1143.0,314.0,-1091.0,1271,1524,1430,1600,0,0,0,0
1764711975.5534022,0.0,0.0,5.56,189.46,-0.08263697475194931,0.0019505175296217203,-0.06401660293340683,0.9945195913314819,-0.12799683213233948,0.006663982756435871,-2.976511240005493,0.00018044188618659973,0.0006398210534825921,0.00041263620369136333,0.0,0.0,0.0,0.0,0.0,0.0,-0.4511059,1.10815145,-9.3359308,0.19198621771937624,0.0,0.0,-1143.0,314.0,-1091.0,1271,1524,1430,1600,0,0,0,0
1764711975.5867925,0.0,0.0,5.56,189.46,-0.08263697475194931,0.0019505175296217203,-0.06401660293340683,0.9945195913314819,-0.12799683213233948,0.006663982756435871,-2.976511240005493,0.00018044188618659973,0.0006398210534825921,0.00041263620369136333,0.0,0.0,0.0,0.0,0.0,0.0,-0.4511059,1.10815145,-9.3359308,0.19198621771937624,0.0,0.0,-1143.0,314.0,-1091.0,1271,1524,1430,1600,0,0,0,0
1764711975.6201823,0.0,0.0,5.56,189.46,-0.08263697475194931,0.0019505175296217203,-0.06401660293340683,0.9945195913314819,-0.12799683213233948,0.006663982756435871,-2.976511240005493,0.00018044188618659973,0.0006398210534825921,0.00041263620369136333,0.0,0.0,0.0,0.0,0.0,0.0,-0.4511059,1.10815145,-9.3359308,0.19198621771937624,0.0,0.0,-1143.0,314.0,-1091.0,1271,1524,1430,1600,0,0,0,0
1764711975.6535823,0.0,0.0,5.56,189.46,-0.08263697475194931,0.0019505175296217203,-0.06401660293340683,0.9945195913314819,-0.12799683213233948,0.006663982756435871,-2.976511240005493,0.00018044188618659973,0.0006398210534825921,0.00041263620369136333,0.0,0.0,0.0,0.0,0.0,0.0,-0.4707192,1.08853815,-9.34573745,0.19198621771937624,0.03490658503988659,-0.017453292519943295,-1143.0,317.0,-1098.0,1271,1524,1430,1600,0,0,0,0
1764711975.6869726,0.0,0.0,5.56,189.46,-0.08263697475194931,0.0019505175296217203,-0.06401660293340683,0.9945195913314819,-0.12800809741020203,0.00664563337340951,-2.9765357971191406,0.0005109980702400208,-6.613077130168676e-05,-0.0002850430319085717,0.0,0.0,0.0,0.0,0.0,0.0,-0.4707192,1.08853815,-9.34573745,0.19198621771937624,0.03490658503988659,-0.017453292519943295,-1143.0,317.0,-1098.0,1271,1524,1430,1600,0,0,0,0
1764711975.720365,0.0,0.0,5.56,189.46,-0.08262420445680618,0.0019593220204114914,-0.06402146071195602,0.994520366191864,-0.12800809741020203,0.00664563337340951,-2.9765357971191406,0.0005109980702400208,-6.613077130168676e-05,-0.0002850430319085717,0.0,0.0,0.0,0.0,0.0,0.0,-0.4707192,1.08853815,-9.34573745,0.19198621771937624,0.03490658503988659,-0.017453292519943295,-1143.0,317.0,-1098.0,1271,1524,1430,1600,0,0,0,0
1764711975.7537558,0.0,0.0,5.56,189.46,-0.08262420445680618,0.0019593220204114914,-0.06402146071195602,0.994520366191864,-0.12800809741020203,0.00664563337340951,-2.9765357971191406,0.0005109980702400208,-6.613077130168676e-05,-0.0002850430319085717,0.0,0.0,0.0,0.0,0.0,0.0,-0.4707192,1.08853815,-9.34573745,0.19198621771937624,0.03490658503988659,-0.017453292519943295,-1143.0,317.0,-1098.0,1271,1524,1430,1600,0,0,0,0
1764711975.7871559,0.0,0.0,5.56,189.46,-0.08262420445680618,0.0019593220204114914,-0.06402146071195602,0.994520366191864,-0.12800809741020203,0.00664563337340951,-2.9765357971191406,0.0005109980702400208,-6.613077130168676e-05,-0.0002850430319085717,0.0,0.0,0.0,0.0,0.0,0.0,-0.4707192,1.08853815,-9.34573745,0.19198621771937624,0.03490658503988659,-0.017453292519943295,-1143.0,317.0,-1098.0,1271,1524,1430,1600,0,0,0,0
1764711975.820548,0.0,0.0,5.56,189.46,-0.08262420445680618,0.0019593220204114914,-0.06402146071195602,0.994520366191864,-0.12800809741020203,0.00664563337340951,-2.9765357971191406,0.0005109980702400208,-6.613077130168676e-05,-0.0002850430319085717,0.0,0.0,0.0,0.0,0.0,0.0,-0.4707192,1.08853815,-9.34573745,0.19198621771937624,0.03490658503988659,-0.017453292519943295,-1143.0,317.0,-1098.0,1271,1524,1430,1600,0,0,0,0
1764711975.8539448,0.0,0.0,5.56,189.46,-0.08262420445680618,0.0019593220204114914,-0.06402146071195602,0.994520366191864,-0.12800809741020203,0.00664563337340951,-2.9765357971191406,0.0005109980702400208,-6.613077130168676e-05,-0.0002850430319085717,0.0,0.0,0.0,0.0,0.0,0.0,-0.4707192,1.08853815,-9.3359308,0.19198621771937624,0.017453292519943295,-0.03490658503988659,-1143.0,317.0,-1098.0,1271,1524,1430,1600,0,0,0,0
1764711975.8873384,0.0,0.0,5.56,189.46,-0.08262420445680618,0.0019593220204114914,-0.06402146071195602,0.994520366191864,-0.1279890388250351,0.00667212950065732,-2.9765448570251465,0.0005621286109089851,0.0005566842155531049,4.392978735268116e-05,0.0,0.0,0.0,0.0,0.0,0.0,-0.4707192,1.08853815,-9.3359308,0.19198621771937624,0.017453292519943295,-0.03490658503988659,-1143.0,317.0,-1098.0,1271,1524,1430,1600,0,0,0,0
1764711975.92073,0.0,0.0,5.56,189.46,-0.08262058347463608,0.0019450780237093568,-0.06401308625936508,0.9945212006568909,-0.1279890388250351,0.00667212950065732,-2.9765448570251465,0.0005621286109089851,0.0005566842155531049,4.392978735268116e-05,0.0,0.0,0.0,0.0,0.0,0.0,-0.4707192,1.08853815,-9.3359308,0.19198621771937624,0.017453292519943295,-0.03490658503988659,-1143.0,317.0,-1098.0,1271,1524,1430,1600,0,0,0,0
1764711975.9541254,0.0,0.0,5.56,189.46,-0.08262058347463608,0.0019450780237093568,-0.06401308625936508,0.9945212006568909,-0.1279890388250351,0.00667212950065732,-2.9765448570251465,0.0005621286109089851,0.0005566842155531049,4.392978735268116e-05,0.0,0.0,0.0,0.0,0.0,0.0,-0.4707192,1.08853815,-9.3359308,0.19198621771937624,0.017453292519943295,-0.03490658503988659,-1143.0,317.0,-1098.0,1271,1524,1430,1600,0,0,0,0
1764711975.9875152,0.0,0.0,5.56,189.46,-0.08262058347463608,0.0019450780237093568,-0.06401308625936508,0.9945212006568909,-0.1279890388250351,0.00667212950065732,-2.9765448570251465,0.0005621286109089851,0.0005566842155531049,4.392978735268116e-05,0.0,0.0,0.0,0.0,0.0,0.0,-0.4707192,1.08853815,-9.3359308,0.19198621771937624,0.017453292519943295,-0.03490658503988659,-1143.0,317.0,-1098.0,1271,1524,1430,1600,0,0,0,0
1764711976.0209053,0.0,0.0,5.56,189.46,-0.08262058347463608,0.0019450780237093568,-0.06401308625936508,0.9945212006568909,-0.1279890388250351,0.00667212950065732,-2.9765448570251465,0.0005621286109089851,0.0005566842155531049,4.392978735268116e-05,0.0,0.0,0.0,0.0,0.0,0.0,-0.4707192,1.08853815,-9.3359308,0.19198621771937624,0.017453292519943295,-0.03490658503988659,-1143.0,317.0,-1098.0,1271,1524,1430,1600,0,0,0,0
1764711976.0542982,0.0,0.0,5.56,189.46,-0.08262058347463608,0.0019450780237093568,-0.06401308625936508,0.9945212006568909,-0.1279890388250351,0.00667212950065732,-2.9765448570251465,0.0005621286109089851,0.0005566842155531049,4.392978735268116e-05,0.0,0.0,0.0,0.0,0.0,0.0,-0.4707192,1.0983448,-9.32612415,0.19198621771937624,0.017453292519943295,-0.017453292519943295,-1143.0,317.0,-1098.0,1271,1524,1430,1600,0,0,0,0
1764711976.0876875,0.0,0.0,5.56,189.46,-0.08262058347463608,0.0019450780237093568,-0.06401308625936508,0.9945212006568909,-0.12799504399299622,0.006671020295470953,-2.9765446186065674,-3.887806087732315e-05,8.410925511270761e-05,-0.00010892574209719896,0.0,0.0,0.0,0.0,0.0,0.0,-0.4707192,1.0983448,-9.32612415,0.19198621771937624,0.017453292519943295,-0.017453292519943295,-1143.0,317.0,-1098.0,1271,1524,1430,1600,0,0,0,0
1764711976.121108,0.0,0.0,5.56,189.46,-0.08262059837579727,0.0019458784954622388,-0.06401602178812027,0.9945210218429565,-0.12799504399299622,0.006671020295470953,-2.9765446186065674,-3.887806087732315e-05,8.410925511270761e-05,-0.00010892574209719896,0.0,0.0,0.0,0.0,0.0,0.0,-0.4707192,1.0983448,-9.32612415,0.19198621771937624,0.017453292519943295,-0.017453292519943295,-1143.0,317.0,-1098.0,1271,1524,1430,1600,0,0,0,0
1764711976.1545002,0.0,0.0,5.69,189.46,-0.08262059837579727,0.0019458784954622388,-0.06401602178812027,0.9945210218429565,-0.12799504399299622,0.006671020295470953,-2.9765446186065674,-3.887806087732315e-05,8.410925511270761e-05,-0.00010892574209719896,0.0,0.0,0.0,0.0,0.0,0.0,-0.4707192,1.0983448,-9.32612415,0.19198621771937624,0.017453292519943295,-0.017453292519943295,-1143.0,317.0,-1098.0,1271,1524,1430,1600,0,0,0,0
1764711976.1878967,0.0,0.0,5.69,189.46,-0.08262059837579727,0.0019458784954622388,-0.06401602178812027,0.9945210218429565,-0.12799504399299622,0.006671020295470953,-2.9765446186065674,-3.887806087732315e-05,8.410925511270761e-05,-0.00010892574209719896,0.0,0.0,0.0,0.0,0.0,0.0,-0.4707192,1.0983448,-9.32612415,0.19198621771937624,0.017453292519943295,-0.017453292519943295,-1143.0,317.0,-1098.0,1271,1524,1430,1600,0,0,0,0
1764711976.221313,0.0,0.0,5.69,189.46,-0.08262059837579727,0.0019458784954622388,-0.06401602178812027,0.9945210218429565,-0.12799504399299622,0.006671020295470953,-2.9765446186065674,-3.887806087732315e-05,8.410925511270761e-05,-0.00010892574209719896,0.0,0.0,0.0,0.0,0.0,0.0,-0.4707192,1.0983448,-9.32612415,0.19198621771937624,0.017453292519943295,-0.017453292519943295,-1143.0,317.0,-1098.0,1271,1524,1430,1600,0,0,0,0
1764711976.2547088,0.0,0.0,5.69,189.46,-0.08262059837579727,0.0019458784954622388,-0.06401602178812027,0.9945210218429565,-0.12799504399299622,0.006671020295470953,-2.9765446186065674,-3.887806087732315e-05,8.410925511270761e-05,-0.00010892574209719896,0.0,0.0,0.0,0.0,0.0,0.0,-0.46091255,1.0983448,-9.3359308,0.19198621771937624,0.017453292519943295,-0.03490658503988659,-1141.0,322.0,-1094.0,1271,1524,1430,1600,0,0,0,0
1764711976.2881014,0.0,0.0,5.69,189.46,-0.08262059837579727,0.0019458784954622388,-0.06401602178812027,0.9945210218429565,-0.1280277520418167,0.006659412290900946,-2.9765262603759766,-0.0008962471038103104,0.000481682363897562,0.00010246026795357466,0.0,0.0,0.0,0.0,0.0,0.0,-0.46091255,1.0983448,-9.3359308,0.19198621771937624,0.017453292519943295,-0.03490658503988659,-1141.0,322.0,-1094.0,1271,1524,1430,1600,0,0,0,0
1764711976.3215191,0.0,0.0,5.69,189.46,-0.08262938261032104,0.0019535860046744347,-0.06403179466724396,0.9945192337036133,-0.1280277520418167,0.006659412290900946,-2.9765262603759766,-0.0008962471038103104,0.000481682363897562,0.00010246026795357466,0.0,0.0,0.0,0.0,0.0,0.0,-0.46091255,1.0983448,-9.3359308,0.19198621771937624,0.017453292519943295,-0.03490658503988659,-1141.0,322.0,-1094.0,1271,1524,1430,1600,0,0,0,0
1764711976.3549142,0.0,0.0,5.69,189.46,-0.08262938261032104,0.0019535860046744347,-0.06403179466724396,0.9945192337036133,-0.1280277520418167,0.006659412290900946,-2.9765262603759766,-0.0008962471038103104,0.000481682363897562,0.00010246026795357466,0.0,0.0,0.0,0.0,0.0,0.0,-0.46091255,1.0983448,-9.3359308,0.19198621771937624,0.017453292519943295,-0.03490658503988659,-1141.0,322.0,-1094.0,1271,1524,1430,1600,0,0,0,0
1764711976.388317,0.0,0.0,5.69,189.46,-0.08262938261032104,0.0019535860046744347,-0.06403179466724396,0.9945192337036133,-0.1280277520418167,0.006659412290900946,-2.9765262603759766,-0.0008962471038103104,0.000481682363897562,0.00010246026795357466,0.0,0.0,0.0,0.0,0.0,0.0,-0.46091255,1.0983448,-9.3359308,0.19198621771937624,0.017453292519943295,-0.03490658503988659,-1141.0,322.0,-1094.0,1271,1524,1430,1600,0,0,0,0
1764711976.421725,0.0,0.0,5.69,189.46,-0.08262938261032104,0.0019535860046744347,-0.06403179466724396,0.9945192337036133,-0.1280277520418167,0.006659412290900946,-2.9765262603759766,-0.0008962471038103104,0.000481682363897562,0.00010246026795357466,0.0,0.0,0.0,0.0,0.0,0.0,-0.46091255,1.0983448,-9.3359308,0.19198621771937624,0.017453292519943295,-0.03490658503988659,-1141.0,322.0,-1094.0,1271,1524,1430,1600,0,0,0,0
1764711976.4551208,0.0,0.0,5.69,189.46,-0.08262938261032104,0.0019535860046744347,-0.06403179466724396,0.9945192337036133,-0.1280277520418167,0.006659412290900946,-2.9765262603759766,-0.0008962471038103104,0.000481682363897562,0.00010246026795357466,0.0,0.0,0.0,0.0,0.0,0.0,-0.4511059,1.0983448,-9.3359308,0.17453292519943295,0.017453292519943295,-0.017453292519943295,-1141.0,322.0,-1094.0,1271,1524,1430,1600,0,0,0,0
1764711976.488514,0.0,0.0,5.69,189.46,-0.08262938261032104,0.0019535860046744347,-0.06403179466724396,0.9945192337036133,-0.1280219554901123,0.006643330678343773,-2.9765217304229736,-4.019681364297867e-05,0.0003975178115069866,-0.00011660729069262743,0.0,0.0,0.0,0.0,0.0,0.0,-0.4511059,1.0983448,-9.3359308,0.17453292519943295,0.017453292519943295,-0.017453292519943295,-1141.0,322.0,-1094.0,1271,1524,1430,1600,0,0,0,0
1764711976.5219145,0.0,0.0,5.69,189.46,-0.08263113349676132,0.0019614906050264835,-0.06402823328971863,0.9945192933082581,-0.1280219554901123,0.006643330678343773,-2.9765217304229736,-4.019681364297867e-05,0.0003975178115069866,-0.00011660729069262743,0.0,0.0,0.0,0.0,0.0,0.0,-0.4511059,1.0983448,-9.3359308,0.17453292519943295,0.017453292519943295,-0.017453292519943295,-1141.0,322.0,-1094.0,1271,1524,1430,1600,0,0,0,0
1764711976.5553076,0.0,0.0,5.69,189.46,-0.08263113349676132,0.0019614906050264835,-0.06402823328971863,0.9945192933082581,-0.1280219554901123,0.006643330678343773,-2.9765217304229736,-4.019681364297867e-05,0.0003975178115069866,-0.00011660729069262743,0.0,0.0,0.0,0.0,0.0,0.0,-0.4511059,1.0983448,-9.3359308,0.17453292519943295,0.017453292519943295,-0.017453292519943295,-1141.0,322.0,-1094.0,1271,1524,1430,1600,0,0,0,0
1764711976.5887158,0.0,0.0,5.69,189.46,-0.08263113349676132,0.0019614906050264835,-0.06402823328971863,0.9945192933082581,-0.1280219554901123,0.006643330678343773,-2.9765217304229736,-4.019681364297867e-05,0.0003975178115069866,-0.00011660729069262743,0.0,0.0,0.0,0.0,0.0,0.0,-0.4511059,1.0983448,-9.3359308,0.17453292519943295,0.017453292519943295,-0.017453292519943295,-1141.0,322.0,-1094.0,1271,1524,1430,1600,0,0,0,0
1764711976.6221244,0.0,0.0,5.69,189.46,-0.08263113349676132,0.0019614906050264835,-0.06402823328971863,0.9945192933082581,-0.1280219554901123,0.006643330678343773,-2.9765217304229736,-4.019681364297867e-05,0.0003975178115069866,-0.00011660729069262743,0.0,0.0,0.0,0.0,0.0,0.0,-0.4511059,1.0983448,-9.3359308,0.17453292519943295,0.017453292519943295,-0.017453292519943295,-1141.0,322.0,-1094.0,1271,1524,1430,1600,0,0,0,0
1764711976.655521,0.0,0.0,5.69,189.46,-0.08263113349676132,0.0019614906050264835,-0.06402823328971863,0.9945192933082581,-0.1280219554901123,0.006643330678343773,-2.9765217304229736,-4.019681364297867e-05,0.0003975178115069866,-0.00011660729069262743,0.0,0.0,0.0,0.0,0.0,0.0,-0.44129925000000003,1.10815145,-9.32612415,0.19198621771937624,0.017453292519943295,-0.03490658503988659,-1141.0,322.0,-1094.0,1271,1524,1430,1600,0,0,0,0
1764711976.6889157,0.0,0.0,5.69,189.46,-0.08263113349676132,0.0019614906050264835,-0.06402823328971863,0.9945192933082581,-0.127992644906044,0.006652493961155415,-2.9765005111694336,0.001629859209060669,0.0006293830228969455,-0.0004987817956134677,0.0,0.0,0.0,0.0,0.0,0.0,-0.44129925000000003,1.10815145,-9.32612415,0.19198621771937624,0.017453292519943295,-0.03490658503988659,-1141.0,322.0,-1094.0,1271,1524,1430,1600,0,0,0,0
1764711976.7223225,0.0,0.0,5.69,189.46,-0.08264196664094925,0.001956404186785221,-0.06401403248310089,0.9945193529129028,-0.127992644906044,0.006652493961155415,-2.9765005111694336,0.001629859209060669,0.0006293830228969455,-0.0004987817956134677,0.0,0.0,0.0,0.0,0.0,0.0,-0.44129925000000003,1.10815145,-9.32612415,0.19198621771937624,0.017453292519943295,-0.03490658503988659,-1141.0,322.0,-1094.0,1271,1524,1430,1600,0,0,0,0
1764711976.755714,0.0,0.0,5.54,189.46,-0.08264196664094925,0.001956404186785221,-0.06401403248310089,0.9945193529129028,-0.127992644906044,0.006652493961155415,-2.9765005111694336,0.001629859209060669,0.0006293830228969455,-0.0004987817956134677,0.0,0.0,0.0,0.0,0.0,0.0,-0.44129925000000003,1.10815145,-9.32612415,0.19198621771937624,0.017453292519943295,-0.03490658503988659,-1141.0,322.0,-1094.0,1271,1524,1430,1600,0,0,0,0
1764711976.7891061,0.0,0.0,5.54,189.46,-0.08264196664094925,0.001956404186785221,-0.06401403248310089,0.9945193529129028,-0.127992644906044,0.006652493961155415,-2.9765005111694336,0.001629859209060669,0.0006293830228969455,-0.0004987817956134677,0.0,0.0,0.0,0.0,0.0,0.0,-0.44129925000000003,1.10815145,-9.32612415,0.19198621771937624,0.017453292519943295,-0.03490658503988659,-1141.0,322.0,-1094.0,1271,1524,1430,1600,0,0,0,0
1764711976.8225083,0.0,0.0,5.54,189.46,-0.08264196664094925,0.001956404186785221,-0.06401403248310089,0.9945193529129028,-0.127992644906044,0.006652493961155415,-2.9765005111694336,0.001629859209060669,0.0006293830228969455,-0.0004987817956134677,0.0,0.0,0.0,0.0,0.0,0.0,-0.44129925000000003,1.10815145,-9.32612415,0.19198621771937624,0.017453292519943295,-0.03490658503988659,-1141.0,322.0,-1094.0,1271,1524,1430,1600,0,0,0,0
1764711976.8559053,0.0,0.0,5.54,189.46,-0.08264196664094925,0.001956404186785221,-0.06401403248310089,0.9945193529129028,-0.127992644906044,0.006652493961155415,-2.9765005111694336,0.001629859209060669,0.0006293830228969455,-0.0004987817956134677,0.0,0.0,0.0,0.0,0.0,0.0,-0.46091255,1.10815145,-9.3359308,0.20943951023931956,0.03490658503988659,-0.03490658503988659,-1142.0,323.0,-1099.0,1271,1524,1430,1600,0,0,0,0
1764711976.8893018,0.0,0.0,5.54,189.46,-0.08264196664094925,0.001956404186785221,-0.06401403248310089,0.9945193529129028,-0.1279938668012619,0.006649586837738752,-2.9764552116394043,-0.0001417146995663643,-7.51524930819869e-05,0.0014651812380179763,0.0,0.0,0.0,0.0,0.0,0.0,-0.46091255,1.10815145,-9.3359308,0.20943951023931956,0.03490658503988659,-0.03490658503988659,-1142.0,323.0,-1099.0,1271,1524,1430,1600,0,0,0,0
1764711976.9227028,0.0,0.0,5.54,189.46,-0.0826643854379654,0.001959348563104868,-0.06401446461677551,0.9945173859596252,-0.1279938668012619,0.006649586837738752,-2.9764552116394043,-0.0001417146995663643,-7.51524930819869e-05,0.0014651812380179763,0.0,0.0,0.0,0.0,0.0,0.0,-0.46091255,1.10815145,-9.3359308,0.20943951023931956,0.03490658503988659,-0.03490658503988659,-1142.0,323.0,-1099.0,1271,1524,1430,1600,0,0,0,0
1764711976.956101,0.0,0.0,5.54,189.47,-0.0826643854379654,0.001959348563104868,-0.06401446461677551,0.9945173859596252,-0.1279938668012619,0.006649586837738752,-2.9764552116394043,-0.0001417146995663643,-7.51524930819869e-05,0.0014651812380179763,0.0,0.0,0.0,0.0,0.0,0.0,-0.46091255,1.10815145,-9.3359308,0.20943951023931956,0.03490658503988659,-0.03490658503988659,-1142.0,323.0,-1099.0,1271,1524,1430,1600,0,0,0,0
1764711976.9895062,0.0,0.0,5.54,189.47,-0.0826643854379654,0.001959348563104868,-0.06401446461677551,0.9945173859596252,-0.1279938668012619,0.006649586837738752,-2.9764552116394043,-0.0001417146995663643,-7.51524930819869e-05,0.0014651812380179763,0.0,0.0,0.0,0.0,0.0,0.0,-0.46091255,1.10815145,-9.3359308,0.20943951023931956,0.03490658503988659,-0.03490658503988659,-1142.0,323.0,-1099.0,1271,1524,1430,1600,0,0,0,0
1764711977.0229046,0.0,0.0,5.54,189.47,-0.0826643854379654,0.001959348563104868,-0.06401446461677551,0.9945173859596252,-0.1279938668012619,0.006649586837738752,-2.9764552116394043,-0.0001417146995663643,-7.51524930819869e-05,0.0014651812380179763,0.0,0.0,0.0,0.0,0.0,0.0,-0.46091255,1.10815145,-9.3359308,0.20943951023931956,0.03490658503988659,-0.03490658503988659,-1142.0,323.0,-1099.0,1271,1524,1430,1600,0,0,0,0
1764711977.0562987,0.0,0.0,5.54,189.47,-0.0826643854379654,0.001959348563104868,-0.06401446461677551,0.9945173859596252,-0.1279938668012619,0.006649586837738752,-2.9764552116394043,-0.0001417146995663643,-7.51524930819869e-05,0.0014651812380179763,0.0,0.0,0.0,0.0,0.0,0.0,-0.4707192,1.0983448,-9.3359308,0.17453292519943295,0.017453292519943295,0.0,-1142.0,323.0,-1099.0,1271,1524,1430,1600,0,0,0,0
1764711977.0896907,0.0,0.0,5.54,189.47,-0.0826643854379654,0.001959348563104868,-0.06401446461677551,0.9945173859596252,-0.1279982477426529,0.006630599498748779,-2.976431131362915,-0.00033814646303653717,-0.0009177089086733758,-0.0004009719705209136,0.0,0.0,0.0,0.0,0.0,0.0,-0.4707192,1.0983448,-9.3359308,0.17453292519943295,0.017453292519943295,0.0,-1142.0,323.0,-1099.0,1271,1524,1430,1600,0,0,0,0
1764711977.123091,0.0,0.0,5.54,189.47,-0.0826757624745369,0.001969741890206933,-0.06401584297418594,0.9945163726806641,-0.1279982477426529,0.006630599498748779,-2.976431131362915,-0.00033814646303653717,-0.0009177089086733758,-0.0004009719705209136,0.0,0.0,0.0,0.0,0.0,0.0,-0.4707192,1.0983448,-9.3359308,0.17453292519943295,0.017453292519943295,0.0,-1142.0,323.0,-1099.0,1271,1524,1430,1600,0,0,0,0
1764711977.156483,0.0,0.0,5.54,189.47,-0.0826757624745369,0.001969741890206933,-0.06401584297418594,0.9945163726806641,-0.1279982477426529,0.006630599498748779,-2.976431131362915,-0.00033814646303653717,-0.0009177089086733758,-0.0004009719705209136,0.0,0.0,0.0,0.0,0.0,0.0,-0.4707192,1.0983448,-9.3359308,0.17453292519943295,0.017453292519943295,0.0,-1142.0,323.0,-1099.0,1271,1524,1430,1600,0,0,0,0
1764711977.1898918,0.0,0.0,5.54,189.47,-0.0826757624745369,0.001969741890206933,-0.06401584297418594,0.9945163726806641,-0.1279982477426529,0.006630599498748779,-2.976431131362915,-0.00033814646303653717,-0.0009177089086733758,-0.0004009719705209136,0.0,0.0,0.0,0.0,0.0,0.0,-0.4707192,1.0983448,-9.3359308,0.17453292519943295,0.017453292519943295,0.0,-1142.0,323.0,-1099.0,1271,1524,1430,1600,0,0,0,0
1764711977.2232912,0.0,0.0,5.54,189.47,-0.0826757624745369,0.001969741890206933,-0.06401584297418594,0.9945163726806641,-0.1279982477426529,0.006630599498748779,-2.976431131362915,-0.00033814646303653717,-0.0009177089086733758,-0.0004009719705209136,0.0,0.0,0.0,0.0,0.0,0.0,-0.4707192,1.0983448,-9.3359308,0.17453292519943295,0.017453292519943295,0.0,-1142.0,323.0,-1099.0,1271,1524,1430,1600,0,0,0,0
1764711977.2566855,0.0,0.0,5.54,189.47,-0.0826757624745369,0.001969741890206933,-0.06401584297418594,0.9945163726806641,-0.1279982477426529,0.006630599498748779,-2.976431131362915,-0.00033814646303653717,-0.0009177089086733758,-0.0004009719705209136,0.0,0.0,0.0,0.0,0.0,0.0,-0.4707192,1.0787315,-9.3359308,0.17453292519943295,0.0,-0.03490658503988659,-1142.0,323.0,-1099.0,1271,1524,1430,1600,0,0,0,0
1764711977.2900805,0.0,0.0,5.54,189.47,-0.0826757624745369,0.001969741890206933,-0.06401584297418594,0.9945163726806641,-0.1279849112033844,0.006628965958952904,-2.9764254093170166,0.0001806933432817459,0.001211677328683436,-0.0007947181584313512,0.0,0.0,0.0,0.0,0.0,0.0,-0.4707192,1.0787315,-9.3359308,0.17453292519943295,0.0,-0.03490658503988659,-1142.0,323.0,-1099.0,1271,1524,1430,1600,0,0,0,0
1764711977.323472,0.0,0.0,5.54,189.47,-0.08267855644226074,0.001970185898244381,-0.06400914490222931,0.9945166110992432,-0.1279849112033844,0.006628965958952904,-2.9764254093170166,0.0001806933432817459,0.001211677328683436,-0.0007947181584313512,0.0,0.0,0.0,0.0,0.0,0.0,-0.4707192,1.0787315,-9.3359308,0.17453292519943295,0.0,-0.03490658503988659,-1142.0,323.0,-1099.0,1271,1524,1430,1600,0,0,0,0
1764711977.3568652,0.0,0.0,5.59,189.47,-0.08267855644226074,0.001970185898244381,-0.06400914490222931,0.9945166110992432,-0.1279849112033844,0.006628965958952904,-2.9764254093170166,0.0001806933432817459,0.001211677328683436,-0.0007947181584313512,0.0,0.0,0.0,0.0,0.0,0.0,-0.4707192,1.0787315,-9.3359308,0.17453292519943295,0.0,-0.03490658503988659,-1142.0,323.0,-1099.0,1271,1524,1430,1600,0,0,0,0
1764711977.390261,0.0,0.0,5.59,189.47,-0.08267855644226074,0.001970185898244381,-0.06400914490222931,0.9945166110992432,-0.1279849112033844,0.006628965958952904,-2.9764254093170166,0.0001806933432817459,0.001211677328683436,-0.0007947181584313512,0.0,0.0,0.0,0.0,0.0,0.0,-0.4707192,1.0787315,-9.3359308,0.17453292519943295,0.0,-0.03490658503988659,-1142.0,323.0,-1099.0,1271,1524,1430,1600,0,0,0,0
1764711977.423667,0.0,0.0,5.59,189.47,-0.08267855644226074,0.001970185898244381,-0.06400914490222931,0.9945166110992432,-0.1279849112033844,0.006628965958952904,-2.9764254093170166,0.0001806933432817459,0.001211677328683436,-0.0007947181584313512,0.0,0.0,0.0,0.0,0.0,0.0,-0.4707192,1.0787315,-9.3359308,0.17453292519943295,0.0,-0.03490658503988659,-1142.0,323.0,-1099.0,1271,1524,1430,1600,0,0,0,0
1764711977.4570646,0.0,0.0,5.59,189.47,-0.08267855644226074,0.001970185898244381,-0.06400914490222931,0.9945166110992432,-0.1279849112033844,0.006628965958952904,-2.9764254093170166,0.0001806933432817459,0.001211677328683436,-0.0007947181584313512,0.0,0.0,0.0,0.0,0.0,0.0,-0.4707192,1.08853815,-9.3359308,0.19198621771937624,0.03490658503988659,-0.03490658503988659,-1141.0,321.0,-1090.0,1271,1524,1430,1600,0,0,0,0
1764711977.4904575,0.0,0.0,5.59,189.47,-0.08267855644226074,0.001970185898244381,-0.06400914490222931,0.9945166110992432,-0.12799802422523499,0.006653626449406147,-2.9764227867126465,-0.0009028278291225433,-0.0002837016945704818,0.0010863072238862514,0.0,0.0,0.0,0.0,0.0,0.0,-0.4707192,1.08853815,-9.3359308,0.19198621771937624,0.03490658503988659,-0.03490658503988659,-1141.0,321.0,-1090.0,1271,1524,1430,1600,0,0,0,0
1764711977.5238492,0.0,0.0,5.59,189.47,-0.08268070220947266,0.001958558103069663,-0.0640166699886322,0.9945158958435059,-0.12799802422523499,0.006653626449406147,-2.9764227867126465,-0.0009028278291225433,-0.0002837016945704818,0.0010863072238862514,0.0,0.0,0.0,0.0,0.0,0.0,-0.4707192,1.08853815,-9.3359308,0.19198621771937624,0.03490658503988659,-0.03490658503988659,-1141.0,321.0,-1090.0,1271,1524,1430,1600,0,0,0,0
1764711977.5572472,0.0,0.0,5.59,189.47,-0.08268070220947266,0.001958558103069663,-0.0640166699886322,0.9945158958435059,-0.12799802422523499,0.006653626449406147,-2.9764227867126465,-0.0009028278291225433,-0.0002837016945704818,0.0010863072238862514,0.0,0.0,0.0,0.0,0.0,0.0,-0.4707192,1.08853815,-9.3359308,0.19198621771937624,0.03490658503988659,-0.03490658503988659,-1141.0,321.0,-1090.0,1271,1524,1430,1600,0,0,0,0
1764711977.5906498,0.0,0.0,5.59,189.47,-0.08268070220947266,0.001958558103069663,-0.0640166699886322,0.9945158958435059,-0.12799802422523499,0.006653626449406147,-2.9764227867126465,-0.0009028278291225433,-0.0002837016945704818,0.0010863072238862514,0.0,0.0,0.0,0.0,0.0,0.0,-0.4707192,1.08853815,-9.3359308,0.19198621771937624,0.03490658503988659,-0.03490658503988659,-1141.0,321.0,-1090.0,1271,1524,1430,1600,0,0,0,0
1764711977.624045,0.0,0.0,5.59,189.47,-0.08268070220947266,0.001958558103069663,-0.0640166699886322,0.9945158958435059,-0.12799802422523499,0.006653626449406147,-2.9764227867126465,-0.0009028278291225433,-0.0002837016945704818,0.0010863072238862514,0.0,0.0,0.0,0.0,0.0,0.0,-0.4707192,1.08853815,-9.3359308,0.19198621771937624,0.03490658503988659,-0.03490658503988659,-1141.0,321.0,-1090.0,1271,1524,1430,1600,0,0,0,0
1764711977.6574473,0.0,0.0,5.59,189.47,-0.08268070220947266,0.001958558103069663,-0.0640166699886322,0.9945158958435059,-0.12799802422523499,0.006653626449406147,-2.9764227867126465,-0.0009028278291225433,-0.0002837016945704818,0.0010863072238862514,0.0,0.0,0.0,0.0,0.0,0.0,-0.4511059,1.0983448,-9.3359308,0.17453292519943295,0.017453292519943295,0.0,-1141.0,321.0,-1090.0,1271,1524,1430,1600,0,0,0,0
1764711977.6908405,0.0,0.0,5.59,189.47,-0.08268070220947266,0.001958558103069663,-0.0640166699886322,0.9945158958435059,-0.1279906928539276,0.0066587612964212894,-2.976409673690796,-0.00013772118836641312,-0.0005272258422337472,0.0013706630561500788,0.0,0.0,0.0,0.0,0.0,0.0,-0.4511059,1.0983448,-9.3359308,0.17453292519943295,0.017453292519943295,0.0,-1141.0,321.0,-1090.0,1271,1524,1430,1600,0,0,0,0
1764711977.7242322,0.0,0.0,5.59,189.47,-0.08268740028142929,0.0019561192020773888,-0.06401322782039642,0.994515597820282,-0.1279906928539276,0.0066587612964212894,-2.976409673690796,-0.00013772118836641312,-0.0005272258422337472,0.0013706630561500788,0.0,0.0,0.0,0.0,0.0,0.0,-0.4511059,1.0983448,-9.3359308,0.17453292519943295,0.017453292519943295,0.0,-1141.0,321.0,-1090.0,1271,1524,1430,1600,0,0,0,0
1764711977.7576249,0.0,0.0,5.59,189.47,-0.08268740028142929,0.0019561192020773888,-0.06401322782039642,0.994515597820282,-0.1279906928539276,0.0066587612964212894,-2.976409673690796,-0.00013772118836641312,-0.0005272258422337472,0.0013706630561500788,0.0,0.0,0.0,0.0,0.0,0.0,-0.4511059,1.0983448,-9.3359308,0.17453292519943295,0.017453292519943295,0.0,-1141.0,321.0,-1090.0,1271,1524,1430,1600,0,0,0,0
1764711977.791018,0.0,0.0,5.59,189.47,-0.08268740028142929,0.0019561192020773888,-0.06401322782039642,0.994515597820282,-0.1279906928539276,0.0066587612964212894,-2.976409673690796,-0.00013772118836641312,-0.0005272258422337472,0.0013706630561500788,0.0,0.0,0.0,0.0,0.0,0.0,-0.4511059,1.0983448,-9.3359308,0.17453292519943295,0.017453292519943295,0.0,-1141.0,321.0,-1090.0,1271,1524,1430,1600,0,0,0,0
1764711977.8244128,0.0,0.0,5.59,189.47,-0.08268740028142929,0.0019561192020773888,-0.06401322782039642,0.994515597820282,-0.1279906928539276,0.0066587612964212894,-2.976409673690796,-0.00013772118836641312,-0.0005272258422337472,0.0013706630561500788,0.0,0.0,0.0,0.0,0.0,0.0,-0.4511059,1.0983448,-9.3359308,0.17453292519943295,0.017453292519943295,0.0,-1141.0,321.0,-1090.0,1271,1524,1430,1600,0,0,0,0
1764711977.8578074,0.0,0.0,5.59,189.47,-0.08268740028142929,0.0019561192020773888,-0.06401322782039642,0.994515597820282,-0.1279906928539276,0.0066587612964212894,-2.976409673690796,-0.00013772118836641312,-0.0005272258422337472,0.0013706630561500788,0.0,0.0,0.0,0.0,0.0,0.0,-0.44129925000000003,1.10815145,-9.32612415,0.17453292519943295,0.0,0.0,-1141.0,321.0,-1090.0,1271,1524,1430,1600,0,0,0,0
1764711977.8912182,0.0,0.0,5.59,189.47,-0.08268740028142929,0.0019561192020773888,-0.06401322782039642,0.994515597820282,-0.12799599766731262,0.0066594271920621395,-2.976398468017578,0.00031914934515953064,0.00013675203081220388,-0.0008931673364713788,0.0,0.0,0.0,0.0,0.0,0.0,-0.44129925000000003,1.10815145,-9.32612415,0.17453292519943295,0.0,0.0,-1141.0,321.0,-1090.0,1271,1524,1430,1600,0,0,0,0
1764711977.9246123,0.0,0.0,5.59,189.47,-0.08269299566745758,0.0019563634414225817,-0.06401588022708893,0.9945150017738342,-0.12799599766731262,0.0066594271920621395,-2.976398468017578,0.00031914934515953064,0.00013675203081220388,-0.0008931673364713788,0.0,0.0,0.0,0.0,0.0,0.0,-0.44129925000000003,1.10815145,-9.32612415,0.17453292519943295,0.0,0.0,-1141.0,321.0,-1090.0,1271,1524,1430,1600,0,0,0,0
1764711977.9580047,0.0,0.0,5.56,189.47,-0.08269299566745758,0.0019563634414225817,-0.06401588022708893,0.9945150017738342,-0.12799599766731262,0.0066594271920621395,-2.976398468017578,0.00031914934515953064,0.00013675203081220388,-0.0008931673364713788,0.0,0.0,0.0,0.0,0.0,0.0,-0.44129925000000003,1.10815145,-9.32612415,0.17453292519943295,0.0,0.0,-1141.0,321.0,-1090.0,1271,1524,1430,1600,0,0,0,0
1764711977.9914033,0.0,0.0,5.56,189.47,-0.08269299566745758,0.0019563634414225817,-0.06401588022708893,0.9945150017738342,-0.12799599766731262,0.0066594271920621395,-2.976398468017578,0.00031914934515953064,0.00013675203081220388,-0.0008931673364713788,0.0,0.0,0.0,0.0,0.0,0.0,-0.44129925000000003,1.10815145,-9.32612415,0.17453292519943295,0.0,0.0,-1141.0,321.0,-1090.0,1271,1524,1430,1600,0,0,0,0
